{"generatedAt":"2026-07-23T09:26:16.735510+00:00","generatedAtUnix":1784798776.7355642,"count":54250,"skipped":0,"parts":["data-snapshot-1.json","data-snapshot-2.json"]}