{"generatedAt":"2026-07-23T14:04:39.087848+00:00","generatedAtUnix":1784815479.0878997,"count":54103,"skipped":0,"parts":["data-snapshot-1.json","data-snapshot-2.json"]}